{
  "build": {
    "content": [
      {
        "files": [
          "**/*.md"
        ],
        "exclude": [
          "**/obj/**",
          "Understand/**",
          "DeployUse/**",
          "PlanDesign/**",
          "Troubleshoot/**"      
        ]
      }
    ],
    "resource": [
        {
          "files": [
          "**/images/**", 
          "**/*.png",
          "**/*.jpg",
          "**/*.gif",
          "**/*.bmp",
          "**/*.html",
          "_themes/**"
          ],
        "exclude": [
          "**/obj/**",
          "_themes/DocPacker/**",
          "Understand/**",
          "DeployUse/**",
          "PlanDesign/**",
          "Troubleshoot/**"
        ]
      }
    ],
    "dest": "ATADocs",
    "template": "docs.html",
    "globalMetadata": {
      "layout": "Conceptual",
      "breadcrumb_path": "/EM/toc.json",
      "ms.locale": "en-us"
    }
  },
  "render": {
    "theme": "hyde",
    "dest": "_output"
  },
  "basepath": "/advanced-threat-analytics"
}
